market_segment,cancellation_rate
Undefined,1.0
Groups,0.6120558761008199
Online TA,0.3692030857488999
Offline TA/TO,0.34517027735040956
Aviation,0.22077922077922077
Corporate,0.18906518830051616
Direct,0.15503253273355289
Complementary,0.12167832167832168
