customer_type,avg_total_stay
Contract,5.345907297830375
Transient,3.467273851689436
Transient-Party,3.0694288913773797
Group,2.882249560632689
