room_type,capacity_total,hours_used_total,hours_avail_total,attendance_total,bookings_total,utilisation_pct,seat_occupancy_pct,booking_frequency
Tutorial Room,5500,336.3,520.0,2668,305,0.6467307692307692,0.4850909090909091,0.5865384615384616
Meeting Room,4400,326.9,520.0,2000,296,0.6286538461538461,0.45454545454545453,0.5692307692307692
Lecture Hall,5350,466.6,760.0,2619,423,0.6139473684210527,0.4895327102803738,0.5565789473684211
Lab,4350,362.7,600.0,2025,326,0.6044999999999999,0.46551724137931033,0.5433333333333333
